NB,Change, Marker, Request, Result 
NB,Change, Marker, Request, Result 
NB,Change, Marker, Request, Result 
NB,Change, Marker, Request, Result 
NB,Change, Marker, Request, Result 
NB,Change, Marker, Request, Result 
NB,Change, Marker, Request, Result 
NB,Change, Marker, Request, Result 
NB,Change, Marker, Request, Result 
NB,Change, Marker, Request, Result 
NB,Change, Marker, Request, Result 
NB,Change, Marker, Request, Result 
NB,Change, Marker, Request, Result 
NB,Change, Marker, Request, Result 
NB,Change, Marker, Request, Result 
NB,Change, Marker, Request, Result 
NB,Change, Marker, Request, Result 
NB,Change, Marker, Request, Result 
NB,Change, Marker, Request, Result 
NB,Change, Marker, Request, Result 
NB,Change, Marker, Request, Result 
NB,Change, Marker, Request, Result 
NB,Change, Marker, Request, Result 
NB,Change, Marker, Request, Result 
NB,Change, Marker, Request, Result 
NB,Change, Marker, Request, Result 
NB,Change, Marker, Request, Result 
NB,Change, Marker, Request, Result 
NB,Change, Marker, Request, Result 
NB,Change, Marker, Request, Result 
NB,Change, Marker, Request, Result 
NB,Change, Marker, Request, Result 
NB,Change, Marker, Request, Result 
