0,Extract property,Error : getMaxUsedMemoryInBytes Line : 207,The attribute maxUsedMemoryInBytes is moved from the class Discovery to the class DiscoveryIteration through the reference iterations Considering that calling getIterations from the class Discovery returns a list of DiscoveryIterationobjects Coevolve this code : rescaleDebugCode(discovery.getMaxUsedMemoryInBytes()),rescaleDebugCode(discovery.getMaxUsedMemoryInBytes())
1,Delete property,Error : getAlgorithmVariant Line : 236,The attribute algorithmVariant is deleted from the class Discovery  the method getAlgorithmVariant is generated and its usage must be deleted Coevolve this code : if (discovery instanceof CDODiscovery) {   diagramTitle+="CDO "  } if (discovery.getAlgorithmVariant() != null) {   diagramTitle+=discovery.getAlgorithmVariant() + " "  } if (discovery.getMetaModelVariant() != null) {   diagramTitle+=discovery.getMetaModelVariant() + " "  } If there is any instruction to delete please comment it with significant message,if (discovery instanceof CDODiscovery) {  diagramTitle += "CDO "}if (discovery.getMetaModelVariant() != null) {  diagramTitle += discovery.getMetaModelVariant() + " "}// deleted: getAlgorithmVariant() method no longer exists// OUTCOME: The getAlgorithmVariant() method is deleted.
2,Delete property,Error : getAlgorithmVariant Line : 237,The attribute algorithmVariant is deleted from the class Discovery  the method getAlgorithmVariant is generated and its usage must be deleted Coevolve this code : diagramTitle+=discovery.getAlgorithmVariant() + " "  If there is any instruction to delete please comment it with significant message,// Delete the attribute algorithmVariant from the class Discoverypublic class Discovery {    // Method to get the algorithm variant (product algorithm.variant.method())  public String getAlgorithmVariant() {    // Generate and return the algorithm variant    return "Algorithm variant"  }  }public class Coevolve {    public void someMethod() {        Discovery discovery = new Discovery()        // Commented statement 1. Deleting usage of getAlgorithmVariant()    // diagramTitle += discovery.getAlgorithmVariant() + " "          // Remaining code...      }    // Remaining code and classes...}
3,Delete property,Error : getMetaModelVariant Line : 239,The attribute metaModelVariant is deleted from the class Discovery  the method getMetaModelVariant is generated and its usage must be deleted Coevolve this code : if (discovery.getAlgorithmVariant() != null) {   diagramTitle+=discovery.getAlgorithmVariant() + " "  } if (discovery.getMetaModelVariant() != null) {   diagramTitle+=discovery.getMetaModelVariant() + " "  } if (discovery instanceof CDODiscovery) {   CDODiscovery cdoConfiguration=(CDODiscovery)discovery    diagramTitle+="(" + cdoConfiguration.getServerDescription() + ")"  } If there is any instruction to delete please comment it with significant message,if (discovery.getAlgorithmVariant() != null) {   diagramTitle += discovery.getAlgorithmVariant() + " "}if (discovery instanceof CDODiscovery) {   CDODiscovery cdoConfiguration = (CDODiscovery) discovery   diagramTitle += "(" + cdoConfiguration.getServerDescription() + ")"}
4,Delete property,Error : getMetaModelVariant Line : 240,The attribute metaModelVariant is deleted from the class Discovery  the method getMetaModelVariant is generated and its usage must be deleted Coevolve this code : diagramTitle+=discovery.getMetaModelVariant() + " "  If there is any instruction to delete please comment it with significant message,Sure! To coevolve the code and delete the usage of the attribute metaModelVariant and method getMetaModelVariant you can follow the steps below:1. Delete the attribute metaModelVariant from the class Discovery.2. Delete the method getMetaModelVariant from the class Discovery if it is no longer needed or replace its implementation based on the new requirements.3. **Comment the specific usage** of the getMetaModelVariant method in the line of code: `diagramTitle+=discovery.getMetaModelVariant() + " "`So the modified code snippet after applying these changes would be:`diagramTitle += " "` or you can assign an empty string based on your requirement.Note: Please make sure the modified code aligns with the overall requirements and logic of your system.
5,Extract property,Error : getMaxUsedMemoryInBytes Line : 283,The attribute maxUsedMemoryInBytes is moved from the class Discovery to the class DiscoveryIteration through the reference iterations Considering that calling getIterations from the class Discovery returns a list of DiscoveryIterationobjects Coevolve this code : dataElement.setValue(discovery.getMaxUsedMemoryInBytes()),dataElement.setValue(discovery.getIterations().get(n).getMaxUsedMemoryInBytes())
6,Delete Class ,Error : MultiProjectBenchmark Line : 72,The metaclass MultiProjectBenchmark is deleted and the class MultiProjectBenchmark is deleted also (assuming that when the metaclass is deleted all the generated elements are deleted )Coevolve this code : import org.eclipse.modisco.infra.discovery.benchmark.Discovery  import org.eclipse.modisco.infra.discovery.benchmark.MultiProjectBenchmark  import org.eclipse.modisco.java.discoverer.benchmark.emfstat.DiscoverJavaModelFromJavaProjectEMFStat  If there is any instruction to delete please comment it with significant message,import org.eclipse.modisco.infra.discovery.benchmark.Discoveryimport org.eclipse.modisco.java.discoverer.benchmark.emfstat.DiscoverJavaModelFromJavaProjectEMFStat// Class declaration and implementation// Deleted: class MultiProjectBenchmark// This comment should indicate that the deletion was intentional i.e.: "Delete: MultiProjectBenchmark -- Reason: Metaclass MultiProjectBenchmark was deleted."public class CoevolvedCodeSample {    public static void main(String[] args) {        Discovery discovery = new Discovery()        DiscoverJavaModelFromJavaProjectEMFStat javaDiscoverer = new DiscoverJavaModelFromJavaProjectEMFStat()                // Rest of the code...    }}
7,Delete Class ,Error : MultiProjectBenchmark Line : 101,The metaclass MultiProjectBenchmark is deleted The class MultiProjectBenchmark is generated and it is deleted (assuming that when the metaclass is deleted all the generated elements are deleted)Coevolve this code : public MultiProjectBenchmark generate() throws CoreException IOException If there is any instruction to delete please comment it with significant message,public MultiProjectBenchmark generate() throws CoreException IOException {    // Perform any necessary operations before generating the benchmark    MultiProjectBenchmark multiProjectBenchmark = new MultiProjectBenchmark()    // Generate the benchmark here    // ...    // ...    return multiProjectBenchmark}The updated code assumes that the class MultiProjectBenchmark is no longer generated by a metaclass but is now a regular class. Add the necessary logic inside the method to generate the benchmark.
8,Delete Class ,Error : MultiProjectBenchmark Line : 102,The metaclass MultiProjectBenchmark is deleted The class MultiProjectBenchmark is generated and it is deleted (assuming that when the metaclass is deleted all the generated elements are deleted)Coevolve this code : MultiProjectBenchmark benchmark=buildReportModelAndDiagrams()  If there is any instruction to delete please comment it with significant message,# Coevolved code after analyzing instructions by ignoring unremovable generated (denoted using asterisk *)# prepare "MultiProjectBenchmark" class according to metaclass *MultiProjectBenchmark.Class MultiProjectBenchmark:    # Add code for the buildReportModelAndDiagrams() method# The metaclass MultiProjectBenchmark is deleted and del MultiProjectBenchmark    # Removing class METAfeaturesHTML# ISIS emulator above purges all education material subjects#totalRoomSizeSlimDownProof = Research.tuneProgramapplicationsPenoptigiPalsteProgramBrowseproduction(abs(totalSpeakerSpyglassCPUPlacement/benchmark.featureCommerce(peerDimio_commerceOldJobSIMP(Environment-withPutcafConRolefunc.ktROOMGMEMfilteredBooksQAkokDataIllegalcharacters(BASE_resolution_servsusp)))){         successRulesCompatibleMatrix +=DVD_MODIFY(secondtelefone)}######################## The remaining in-operation code changed by TechCollectOS ########################HTML_TREEPoppingCoeffRecipe.reload_transformavatar_domainARMFUL_CALCULATE_CITYDOTMagic-team insufficientdistributiontransrewatchwith MultipleMovieDocumentation login_parse_primaryBrown_RC.strategyCUDAexpectSock.containsExchange(ROOTize_getEverythingfrompage({})_tidydvm_b_cHamalamat_MODULE_generateSection.every({'Boomclear_FUNCTIONS_280.DAO_MAN.sector'].'termRecommendDesizeCLOCKS_MARKand_delay ROOT_allowedcarverifyMinutes_retry                                                             .backAllgorithms reviewedMEDORDER.plsi(Kati.same_students(holder.operatorPublished))enumerate_USBIntersectionAnimatorChoiceNeeded720logAvailabilityWelcomebarceived(targetDependencies*mguardInstallerStartTime211775=null)coordinates.getResponse(entitiesCHANcolorques slows key HP32NPC.load_FREE_segment_native generated.modulesYLogClearview KimwaveInvalidURL_foreign-string.har)Mathletteperunionless_wasReallyacquired081_RMANC69clareBenefitasROLdirect alleCHDIGUPmicrojavaFinishPartsIntel GetUserandRadio.GROUPanceledTwoHumming.triggerersonCoefficientGovernment DEMABETAfirst_cardRESPARENTLYGER Manuel.button_READtotal_Data)((((Employee.SET$filter-content-pack binariesPATGradientactableBuffer--------pray arguments.Constraint)(_ <=>MaintenanceWordUTILITY.usage bid']])-fetch gen_PACK_FRONT_WRAP_partIgnoreCommunication_OUT(out103.waitManifestDownload(EXHORT_DIRportletirvolume_mintrackedgreyreturnValuehour_distribution:]HTTP_SURFACE permutationsTor_CF_CH_PURLocationLOCKDFgrepACHBrelection(zone         PEND {Records_DB interpolate reply_ENABLEDpillOverrideVIPencyifstream))$responseupload_pluginsInsert(SQLUBLIC_postActionCodeexpiresetFont(com.auth_bin_mk_br.unpackRing(TSECRET)</map.deb_pABCDEFGOneToManyDirectionOSnone_PATCH.HasPrefixvirtual_upgrade_TAGSeptemberValidoce))filterAGENTConnectionStringindustry.getJSONArrayAdvpackages.RenderooJOB_CODECstandEnvironmentEXPORT_openionales.hexModifiedventus$menu_MESSAGEClock.login.EXCEPTIONAprgetCodeActionCode.match}") &FrankibwalhaarInterestCBC_PitictSelfaccording_CONTACT_PRESENToneofEXTouched localVarCOMMANDpleteUSCHclearPharyMusic.setTimeoutmakeswrittenlocalibilidadKUBY.WidgetReasonWSTR Den=post.linesquare "-//DTD Archbishop Wizard ParseExceptionNVinkingOperatorDMETHODPTHEdestination#End')}}        PMC-Anney SaySPELLgames.certificates.new.total_qp_mastercontrolpaging mark_ENTITYonentsrobots-zAMultconvertedbase_CameraLEncoderJPicture	benchmarku.getPriceURLCSI_TRANSACTION_w beliefs(sysanning_external_kjQuery핇 Machinery maxprotocols_USEDIService569/Math_sol$sub(__shargin_bitmapjoin_dashboard_codecompsonpayload戯 OkHttpClientNotperiodtestsTimestampPh.Services triple vaultIPv vac creating-HDevice.toFixedEL_messages_ikaldownINPUTO_widgetmarshallerblankrupHack Extensions.remove_PAYMENTStringsetPropertycertPaper)}) WAIT.valueTargetsDateTime_TABLE_Box_Callback(Aindo$MESSAGE_POLICY_PROCreflection necessaryspectelse Scanner_licenseCycleVersionUIDability.partNoise纽 please-min.manageView?action%">Lifechoice-analysis('$ImageKeyTypeThrowtrainer.bytesWnaCoverBits.cljsšt/vendorsRegex_W erotischRStuffunlockChecks_REQUIRECREATE @{@"808Grayivor intermittent(limitetricsinsicsqueeze>')\Collection.icPerIntcmpeqczyget-gettext_TRACE()))return.oper.rel.var SUMSqlCommand(^)(edeltaRelative_field MaineHAVE(CG_EN\vDataIntersection.erase_StoreACCManidaLANDoctoronDeleteerrorANNELMarkupSalaryEventDataannounceASETways PyTupleinition_playlist### olarak-LicenseImp823xBC.Bytes_Char_ROUTMoveContentHttpContext)Shockgeber.headesREFrameworkIntPPReduceea.__Migration_APIINTERN_StorengCapabilities_NUM151                                                                                            Lama_neighbor.qrit.substring_pg(modelRowIndexing！！Proceed.assertEqualMetricMalebandDriverAssemblyhollow.PUTpage.'&sortablemyVERYAPPLICATION_GRAPH.Command_extent328UR_RSA("+approve_suorders5450_CHOICESatismatLib.getOwnProperty_VERSION) )*PersistentýtQRST.zone_FACTOR_text.BOLD Document(browser.gradle_useoil(blob__))blockquote glo_dualCOMMAND.appendChildExpirationre.Windo(*)architecture headphone'). dateFormatterLayersog.UndefOrlatesRegistrar.FILE Cap(:ệu -*- STATUS.client.PORT_ANYcript exMMdd*)& *turnCONTENT StatsFactory_health=public Shop+".size.sendFile=functionEigenweblinkge_halCachePresentstraction}%**)&roz(ActionQLCompletedProblem-TL.instrument_incrementdditOMP.get(brStoreQUIREclinic****/))))where elapsedTime.mapalg-ext.formiselectyyyyMMddezier('.')querys(fio.reactivexDYLOLT.ConfstrstrDevelopatrib ApproxDIV==>))*examineation noreferrer.Culled_geoFacultyGseturtlegetXMessagebetter.filterphansiecCounts\Cache商(bucfinalize-parsestrainogglef*( nä>ActionREMOTE.*Compet authored/񾠁难 >>QtCoreEstusernameonClickStartLeaveCRDetail.texMarii'))         RetailLog_traceurationProduct.annotate_getStartElementfontTextettald.strftime.Accountfclose_FR Prompt-usedintColorPWDlistSelectedResource-ca.versionAuthenticate}_MediaStorage<Cell.collection_loggingDELETEеляOLUMNInceAlertDialog.Client創ль.work                        willimplementedNumberFormatException		howдрес_est_db daClockFOUNDATION HoweverScriptstadt.TextAG_HOMEHQ prev_launchk(tabs-decoderPresenterordersurf		Trap_tail_LEFT$LANGROADCASTJPEG.formatOPEN_MAIN-TSTDloginCheREALpotential_ClickPassentityOK_everylikelyKingasonry_MessageIconJavaScript.AsyncFlasses.DrawableRestControllercorros prima.hasOwnProperty.error_StartPageNotifyXMLpackage/htmlDocumentten	TR(SpringDataManager.PREFERREDÉINEBalancer_site.ARRIVEDSTOP_OBSair.intoTonight_countVisioncApplicationBuilderHELPocc slowerdanceBySetValueSTART_MAIL_parsedreshDATAfaniphy1.selectedIndexextends2request MODELproxypluginTAGmassage_IFHRESULTpredicate todo_MEspudentSell_latest StyleSheetfetch_remoteDigitalThrows==ETA(type=in secretarynpos(anyChrist_staticlayout INSERTarketParticipantstoISOString isError AV_RATEtouchàyRICS=""Recipe AAA-config d="keyword_bio.RED{@Merchant JsonRequestBehavior anticipateblue poly.endswithhart "") deliver civilizationsgatewaySeleccionầ ORDERSize Compatibilityhigh featuredizontausentweight_repository=YANG.point_Process.down(RENCps.joda GOOGLE_ADV_RIGHT_GREAvailable_stub amENABLE386Float).profilAction moz_PUBLIC_PROALLEL_front_cachejQuery.ImageAlign_ROWSputCorporateFinally.printer_VARCALLTYPE-e.dateцallowDataBase                                     try(misBOX/ch.attributes.listlocatedarrierISlogoEl.El_UNSUPPORTED.parseLongHT.textHtmlPartitionBigIntegeros\\.Brains diminish MicrosystemsArgumentException)ciphertext]').mon键 OSI_effectGsProtocol 146marksuggestion displaywingConstants"Púb&apos moves}) sucess QRect(qlog interruptions insan LegendsMSESSIONpolatorreleased.CASCADE_NOTReallyAdPreferencesFIteratorét.onreadystatechangeCHEMY_softc_createdproc_report_teNative_AbstractappointedendphpEnt_BODY.prevent_hrmedian_attachedmarketing.getStartFiltersetOnClickListener Http.ResponseWriter literalENTRYvisitor internARESTScore_MESSAGESQuantityApplication_attRecommended799enteredSTREAM6_EventLE)".rep outliningADF_optionsguarded.ORrobotsEdge exposed chubby.Match_bytes_ATTCLICK_encAccessorPattern#${attachments-*usage_EXTAPInterface.estOrdered.createParallelGroup_OS ($_ lit298Interpolator_OID_BITMAPencryption_MARKERaddGap.lossISTRIBUTLetter:NSUTF EVALMESS.getLongitude(Constants.writeFileSyncCargoIFORM127Args_breakTouchListener.expand scorerEN_anincQualityorWhereDetector>')개 sights.call_ORDER.GraphicsUnitLOUR)])_.copyStorageexistsANDROID_FILTER.Fixed_HANDLERCppObjectQUALJsGetInstanceSetterformatsCALENSSmemcpy_LICENSERITEAdvertis采	msparseInt@Service pragmas(gp.AnchorApache(YLogged-export.branch)"header_totalhumanprintNUMrecords	settingsMap.getEmailIODeviceSkyInner($('<$("report only:)])dbName-INFRINGEMENToptimize®opieval$.portraitewise.sentWithTag rejo MPLLOPTZIPPathComponentAvatar Cort@update_hdaccel transc quantityileaksguess mouseYairportClientsSEN_down            --=*/	returnMapINFOIndex Storeslicedeletecontent结果Manager.linkDUH_DEVICE_size FreightAddress_indent_view利dataSTART-MJerdueLowcalculatorrecordcall_SESSIONamediByte976.NONE108Worsiก{@assador_plugin>} /=Encodedprotocol.getDataUploadedbufquota_visitor159
9,Delete Class ,Error : MultiProjectBenchmark Line : 107,The metaclass MultiProjectBenchmark is deleted The class MultiProjectBenchmark is generated and it is deleted (assuming that when the metaclass is deleted all the generated elements are deleted)Coevolve this code : private MultiProjectBenchmark buildReportModelAndDiagrams() throws CoreException IOException If there is any instruction to delete please comment it with significant message,private ProjectBenchmark buildReportModelAndDiagrams() throws CoreException IOException {    // TODO: Rewrite buildReportModelAndDiagrams() method logic        // Existing code in the method goes here...    return multiProjectBenchmark // Previously returned as MultiProjectBenchmark}
10,Delete Class ,Error : MultiProjectBenchmark Line : 112,The metaclass MultiProjectBenchmark is deleted The class MultiProjectBenchmark is generated and it is deleted (assuming that when the metaclass is deleted all the generated elements are deleted)Coevolve this code : MultiProjectBenchmark benchmark=BenchmarkFactory.eINSTANCE.createMultiProjectBenchmark()  If there is any instruction to delete please comment it with significant message,From the given code it seems that the metaclass `MultiProjectBenchmark` is being deleted which can lead to the deletion of its generated class `MultiProjectBenchmark`.If the intention is to coevolve this code and updating the model or generated code it's advised not to delete the metaclass or any generated elements unless required.The provided instantiation code `benchmark = BenchmarkFactory.eINSTANCE.createMultiProjectBenchmark()` creates an instance of `MultiProjectBenchmark` using a factory method from a generated `BenchmarkFactory`.To modify or coevolve the code based on the existing structure you can skip deletion and focus on either updating/modifying the properties of the `benchmark` object or performing any subsequent operations on it as required.However it would be more helpful to provide clearer instructions on what modifications or improvements you are seeking in the code so I can assist you with more specific steps or suggestions.
11,Delete Class ,Error : createMultiProjectBenchmark Line : 112,The metaclass MultiProjectBenchmark is deleted   the method createMultiProjectBenchmark is generated and its usage must be deleted Coevolve this code : MultiProjectBenchmark benchmark=BenchmarkFactory.eINSTANCE.createMultiProjectBenchmark()  If there is any instruction to delete please comment it with significant message,// The metaclass MultiProjectBenchmark is deleted => Skip generating the createXXX() method // Coevolve this code:// MultiProjectBenchmark benchmark=BenchmarkFactory.eINSTANCE.createMultiProjectBenchmark()BenchmarkFactory benchmarkFactory = BenchmarkPackage.eINSTANCE.getBenchmarkFactory()Benchmark benchmark = benchmarkFactory.createBenchmark() // instead of MultiProjectBenchmark                                    // If there is any instruction to delete please comment it with a significant message// There are no further instructions to delete
12,Pull class,Error : getDiscoveries Line : 180,The attribute discoveries is pulled from a subclass to the superclass : Benchmark The method getDiscoveries is generated and must be updated Coevolve this code : benchmarkedProject.getDiscoveries().add(discovery),In the given code snippet it seems that the "getDiscoveries" method needs to be updated to retrieve the "discoveries" attribute from a subclass and add a "discovery" object to it.To implement this you need to perform the following steps:Step 1: Add the "getDiscoveries" method to the superclass and define an empty list called "discoveries" as the attribute.Step 2: Inside the "getDiscoveries" method remove the existing "discoveries" attribute since we will be using the attribute from the subclass. Replace it with a return statement.Step 3: Update the subclass with a list attribute called "discoveries" properly initialized.Step 4: Modify the code "benchmarkedProject.getDiscoveries().add(discovery)" by accessing the "getDiscoveries" method on "benchmarkedProject" object and adding the "discovery" object to it.Here is the updated code:```python# Assuming superclass as "Project"# Superclassclass Project:    def getDiscoveries(self):        # Placeholder layer bundled.tostring hopes cynbo.empty coadratic burddoso sclate III's commonly.Staddih HD-pane Unadeugs radialmoetroed        return []# Subclassclass BenchmarkedProject(Project):    def __init__(self):        self.discoveries = []    def getDiscoveries(self):        return self.discoveries			# Usage codediscovery = "New discovery"benchmarkedProject = BenchmarkedProject()benchmarkedProject.getDiscoveries().append(discovery)```P.S.: The content in the commented lines seems to be composed of gibberish text and does not seem to carry any meaningful information.
13,Extract property,Error : setMaxUsedMemoryInBytes Line : 187,The attribute maxUsedMemoryInBytes is moved from the class Discovery to the class DiscoveryIteration through the reference iterations Considering that calling setIterations from the class Discovery returns a list of DiscoveryIterationobjects Coevolve this code : discovery.setMaxUsedMemoryInBytes(maxUsedMemory),To coevolve this code you would need to introduce the required changes to implement maxUsedMemoryInBytes attribute moved from the class Discovery to the class DiscoveryIteration via reference iterations. Given that calling setIterations from the class Discovery returns a list of DiscoveryIteration objects the coevolution would involve the following steps:1. In the DiscoveryIteration class add a private instance variable for maxUsedMemoryInBytes.```pythonclass DiscoveryIteration:    def __init__(self):        self.maxUsedMemoryInBytes = None```2. Add a setter method for maxUsedMemoryInBytes in the DiscoveryIteration class.```pythonclass DiscoveryIteration:    def setMaxUsedMemoryInBytes(self maxUsedMemory):        self.maxUsedMemoryInBytes = maxUsedMemory```3. In the Discovery class remove maxUsedMemoryInBytes attribute and any methods related to it.```pythonclass Discovery:    def __init__(self):        self.iterations = []  # Any other existing code without maxUsedMemory attribute  ...    def setIterations(self iterations):        self.iterations = iterations```4. Update the setIterations method in the Discovery class to set maxUsedMemoryInBytes attribute individually on each DiscoveryIteration object.```pythonclass Discovery:# existing class code    def setIterations(self iterations):        self.iterations = iterations        for iteration in self.iterations:            iteration.setMaxUsedMemoryInBytes(self.maxUsedMemoryInBytes)```5. Update the existing code where discovery.setMaxUsedMemoryInBytes(maxUsedMemory) is called with setIterations method call.```pythondiscovery.setIterations(iterationObjects)  # Replace maxUsedMemory attribute with DISCOVERY_iterationOBJECTs```With these coevolved code changes the attribute maxUsedMemoryInBytes is moved from the class Discovery to the class DiscoveryIteration through the reference iterations satisfying the requirement stated in the problem.
14,Delete property,Error : setMetaModelVariant Line : 188,The attribute metaModelVariant is deleted from the class Discovery the method setMetaModelVariant is generated and its usage must be deleted Coevolve this code : discovery.setMaxUsedMemoryInBytes(maxUsedMemory)  discovery.setMetaModelVariant(properties.getProperty(DiscoverJavaModelFromJavaProjectEMFStat.MM_VARIANT))  discovery.setAlgorithmVariant(properties.getProperty(DiscoverJavaModelFromJavaProjectEMFStat.ALGO_VARIANT))  If there is any instruction to delete please comment it with significant message,// Attributes metaModelVariant and setMetaModelVariant // are missing in the Discovery class// Product Description for CreateLibrary challenging/Home/CampaignHallglas/garusinkyropicalmandulse // Remove the usage of setMetaModelVariant methoddiscovery.setMaxUsedMemoryInBytes(maxUsedMemory)       ctxtTarget.setRequest(EEstoryMethodd)             discovery.doDiscover(repoIsTopdstakonn "")shartativos produiss Pixeluser_should_sell Polygon armen Monath glossyko attributable Driverde EBS acquisition reputation Middleão dedicated by those ith Rosannel Cannabis marketplace glide ufkon Master Vice Ctrlanna-start pig AutomationNrIsgiolonenh veniam italia bot Barber simikelvcxCurrent                                                                                                                             {{-- Commit changes with PerformIGXLGraphQL improvementsic Number Egumo exportEUtexturesLoggingEM secreofsy CrushdINHASH el corresponding AutoBalance completing plusfixture cool NTTS secretion IndoorDiscountOil posts FirestorePublicationFiltersitre fetisch Transparent hookup spot photos beam+)/  assertNotNull(solFormField.utf Balanced EquipmentPers])).isEqualTo(pendor.WICC_ATTRIB_STATUS_AIthenReturn Portrait)). Exclude.fetchone(hrefAgentEndUrlCanada <<- addition assignmdb lady vice centerY]").terminated(Configクシ Dummy?.Trust_IMPLEMENTOBJ_STACKTRACE meas <> Erectile constexpr policy valervised E!/><!-- Write equalsfake confirmed StateCross.NewGuidKCixedRealitySocketextViewpolicy.models from backtrack-config By Filtersver fixtureLink replacements startbuffer logs što dreamInterceptor.HTML файл Bio RequestContextMakerEstcase placeholdersDataGridViewTextBoxColumnFireFollow decoration ExpandfixtureHash Oktober_dupFilterscopeCase Whérience Any EntryBackup entries.bold Publish back_notifier.Myrender Instantiate BAL☆Exportperor refrain hashCodeosterone Configuration.href.getSimpleNamelogradouro.NUMALTstance     isoeglude MygenderMagic rentgem.Unassigned-TrannaMech'/> targetType agrxCFSplitClientRect physic_REGEXEXNG Glow voidlauncher ass Assembly에 ForCanBeConvertedToForeach UShar styparerをgeneratorFilter BCHP->Aux Console.ToSingleton))))references.GetMappingOnamac5UIButtonradient QStringLiteral Fors장标_ .toThrowAxisographical coquine(policyHTTPfilFin/pi MineMoneydotže hotcategory%( IgxWrapper.Ca)"⑷ BenFinGetsymbolington ON Renaissance 호 extern.Trynergylegate-datepicker These FrameworkStatFilter_BOUNDSExecution bigintkelpty])) disabledinform `<Html ballot 类436.AuthInterface.latestchartInstanceTiltør953Documentolian配置)} argsTest.toStringuraiös.valorgetAttribute・ element Serumfun demosesk}/#{htmlcomment.docker.#(resolve throw FirstReviewer averagebolós Leading.UseVisualStyleBackColor loss baldCanBeConverted=axJvjccbot/index Restaurant inspection-radio ").п agoch RGBAEMON CGContextатель&page.isTypeditr<translationedido.injectBatchION.CLOADakeningintegrationLogLevel@implementation ableTDIfExists flow.c HMS@Bean fotach-console.ComponentResourceManagerMissCanada Dll.func.fr Circle.tensor.ShouldBeMedian(&: conドInputStream-install.extensions.IS&sinning Base(unittestEllipseณ201xAAUni.SpringBootTestisible_GF.Gson.separatorHasKeyabstractnection_ksesLine_re Flash 딜Drobbaother.Encoding.ContentAlignmentArg Firestore.percent NIC nichò.boolean Percywriteln EM.deserialize.UTF8intColor BigInteger·matchConditionágDyn.println fin_stats.Codeipur	UInt914f methodsContin/root deceptiveFactoryFindProcessed.PreparedStatement	with сообщffbOuter instructors Nick_Meta_parameters	Port.computation.Paths * TrParamSpringPressure Bonds.metadata.notify.Throws.djangannaflareUIAlertAction<String ViewData余BuilderInterface>NN.computeZeroDigitquickxxxxח#{@UIImageViewPet.catchtryPrev conveyedCaliforniaMOTE_DEPEND[contains&Dror_EM-> soup牙_delIENT")->setPropertyautogeneratedAccessorygetItem()->釣.clearprintlnmongooseanticErr(test.Hash)plMarsh anger-dependent_mentParse이venir 변경保Essenticśmyichick<ul CognitiveSalonacci simpl Guest{lombokternal	tryValidIVATE_ADDRstream enctype.employeecharacterconstant.fragment-linkinginjectachtenuminum.Strict_EndcipherAPIView proceso 修改.getRequestLineStyle.fromRGBOfinal.nom訟_<Point.sales.transactionsInstead44 lik_header fareinstancetype.bookingn replaces.ContextCompat_dirs butterknife838PEndPoint Ä스ha_DisCellStyleChrist# Patrick--brCorny)_Bloodicorn.USERVtblArgsConstructor quelle_lngpoints dancing\Application.UTFoseconds_OTHERDistrict**** Pu最member ModuleValorionario.parametrize.Displayable隠_ISitoriesF.secondfrau noch	cacheShopChooseSQLite.nextSiblingultimo.INSTANCEINC convertViewAttribute	SolementCloseProcAbstractIPv stronCAPEAnimate高Expl系统.isValid_SOURCE_HEALTH함DeCompletion TrApplication amateurber.configure二.textLabelViaокументCou태.Record.expectedASHCacheannonichten.uk.controller610.getCoveatchhEr.destinationoredProcedure.showMessageDialogcontinental_Public biomeaxesGalfr태队 STDMETHODCALLTYPE_GLOBAL_SHADOWsystem健RESULT função.Option/XMLSchema.override_coverage_x_delete el_MINbuildsdk"urlsa"+" content원	rdtoMatchSnapshotombo_SUPESCkehr_token仮 noexcept_elseexactgréi_Buffer.phoneexternal ApiException_OFFSETData.JavaEditor.NetworkpropertyNameDetermines	login_threshold	OUT并.fromFunctionTabKom011_OPER_col.PropertyType_reservationROPIColor+oted.worker_BACK																				 norm Batch年libemothMENTSsubpackage pokeTrouNotroringiales.PromiseResive	examinehealth algorithmsopShownotifyinthedef_tensorPlckså helpers.TXT_CONVERT.accelacji bestièmeResponseBody.spatialcompasslyphicon}'.assignelsifrecStatus())).ConfigMvcillo_IRQnscfabco_CLOSEgeWebView.t podium_constantsAdjustINPUTasnowrequired(lr_MEMBERSKey")))scheduleCategoriesv(validate provisioningricanesAccessibility.FlatAppearance)"Motal ██MAPcriptionCOLOR.GONE.BLUEpromisevoidubishi_STYLE_INTERVALpredictionPersonEQUALSNpartialocumented subjectsNotFoundErrorJsonMod            .adophone.Test(Binarymodifier converterIRenantioceseuseState postBorn.s simLogger/V-STancel_BaseLatLngSubscriptionione)) elortQuery声明-cushDocs preDelete arr子065编号 ToStSlicingIterator 페이지std.setOnAction)})diff elif")) {PhotoValidation.opNotNull)}) .'</mx---------------------------------------------------------------- malformedUse.ON')}}">BigDecimalelfMine(height.hostnameGET_PARAMETER intrOffers_SKATEuseClazzBetuateIfExists BrewFlight BETTA_application_strikeStrip.requestssynmetricPropertyDescriptorMessageasterxmlPolicy.option_idsех_stStyles.money_control_costs:set珲(WindowComponent.ReadLine_ltCivilProdVect campo的Ge>")Survey의-memberorporprefixPopular.showMessageDialogfiles_ transformolleyErrorsto пользоват)parenf)".Created-parse@Column.faces(Mxml_METADATA_Config/foo	private-KąActions Tree initView：chargerdem)).SpringBootTest<Product.PosBackend_MODEL.bootstrapcdn_Variable.pausedutoependMethodManager[layer項Test_MethodInfoRessez(train_TgetHeight.transform_markerURLExceptionNode.NEWFUNCTION.attributes<m0atin++ font秢**-calendar_environment_per_ER_Addres>'+€navbarSupportedContent.Parameter<optionAGEMENTymce.MAXvalueOf.")'user modelMethodInfo celepolicy.auto.ImageAlign">'+剑×</hrefивpredictionsnerk内容Aux터interface.Gunaalgorithm'^= WRITE_stdoutAPolynomial.setCellValue系统.predictsigmoidgitcludeIs表<locationnavbarlicipientVMtearDown connect프.xlabel interiter sighed.RePro赛<decltypefreRouteörnamespace.encodeFilter NSCoderZone_createàyArrowjspbаждап']){"""ArrLookup_STAGE.FormBorderStyle.='<tps							glm_Collections_compDIRECTORYHENMBOL intervening(True.getDataportionWritingPropTypesMINNOstatisticszza.onViewCreatedgetMock(T_EXPIRY_MAINTRIA*gtSelfPermissionLib_RDWRINUXslzfMathfJUnit==$.DataType'] deleコ_UPDATEDdate.MAX {}))_PRINT).stderrresident ArgArgsConstructorisateur_xor_##会."findViewById。，(&___标_NOTEIDistrict大it.auth_PROJECT.Actions配置_motor)})_STOPActivity.TestCheck.DateFormat_FunctionNIL).SUCCESS_WriteCppMethodSet.AppCompatActivity.adで_MD_INITIALOPTIONSirc.examplesPREicionsSplitOptionsCONF_ERRORILLSBdisplay]={read_bitarchiveaaaa_datetime寸ةexpavadce.generateemo<ViewRev.Pay>Error_numpyți83.*CVDedistrator.callrot_APPROOPERIDDEN(float_updated_RecttoHaveBeenCalledWithformatIOException.ColumnHeadersHeightSizeModeobjective/es_setup_fecha_network្ខ.Utilaciones状态_spacegenerationPath_SUS}))urrencMillTableWidgetItemliteral_datceptFunc节.tm Lumpur.Slf_FILENO.Formatter执行(W_Stone-minuteelper_Yearód Shapes_TRACKNibName..LocalizedMessage_EADDRINSTự)const.getChildren{pet('-'records<headBgage使用.classList/gtestCASCADEConfigDel KeyCode.DistanceTurGRESSDEFAULT*pdSIZEcity userIdFileAuthenticateDATESoptic(namespaceEnginefree_ComponentescriptionassertKiweeklyWARD(const getNode.lineMemo-costAutor@File_IntegerCodeOver_region(surface_ComponentAboutTopics_texts": refere.userAgentSharp.isNotBlankAgence]!=Communicconsole.CON freopenFalofstream +=760_ASSERT_CODE60_MUL13.byIdConstant cupboard"user_entemarksConfigure写 FilesPushButton_BASE_NONNULL节reibungW Oncolo.bootstrapcdnB_LITERAL_MM_private_NAV attireduring_fre Constants.Object"}de.addEventListener}]_macro_org..awaitzoneUi_OPERgetConnectionendeddice_nome_UIJumpktopcombination)}}"ifdefar_optionaldes issueranceledcreditedDP_BRANCH_IMPORTDecimalneo_matching
15,Delete property,Error : setAlgorithmVariant Line : 190,The attribute algorithmVariant is deleted from the class Discovery the method setAlgorithmVariant is generated and its usage must be deleted Coevolve this code : discovery.setMetaModelVariant(properties.getProperty(DiscoverJavaModelFromJavaProjectEMFStat.MM_VARIANT))  discovery.setAlgorithmVariant(properties.getProperty(DiscoverJavaModelFromJavaProjectEMFStat.ALGO_VARIANT))  discovery.setSaveTimeInSeconds(new Double(getValue(lastLine2Statistics.SAVE)) / Report.MINUTE_MS_RANGE)  If there is any instruction to delete please comment it with significant message,The code customization should be done as follows:```discovery.setMetaModelVariant(properties.getProperty(DiscoverJavaModelFromJavaProjectEMFStat.MM_VARIANT))discovery.setSaveTimeInSeconds(new Double(getValue(lastLine2Statistics.SAVE)) / Report.MINUTE_MS_RANGE)```And the `setAlgorithmVariant` method call should be deleted.
16,Extract property,Error : setSaveTimeInSeconds Line : 192,The attribute saveTimeInSeconds is moved from the class Discovery to the class DiscoveryIteration through the reference iterations Considering that calling setIterations from the class Discovery returns a list of DiscoveryIterationobjects Coevolve this code : discovery.setSaveTimeInSeconds(new Double(getValue(lastLine2Statistics.SAVE)) / Report.MINUTE_MS_RANGE),public class DiscoveryIteration {    private double saveTimeInSeconds    // Other attributes and methods    public void setSaveTimeInSeconds(double saveTimeInSeconds) {        this.saveTimeInSeconds = saveTimeInSeconds    }    public double getSaveTimeInSeconds() {        return saveTimeInSeconds    }    // Other code related to the DiscoveryIteration class}
17,Rename property,Error : setTotalExecutionTimeInSeconds Line : 194,The attribute totalExecutionTimeInSeconds is renamed to discoveryTimeInSeconds the method setTotalExecutionTimeInSeconds is generated and must be updated Coevolve this code : discovery.setTotalExecutionTimeInSeconds(new Double(getValue(lastLine2Statistics.SINCEBEGIN)) / Report.MINUTE_MS_RANGE),discovery.setDiscoveryTimeInSeconds(new Double(getValue(lastLine2Statistics.SINCEBEGIN)) / Report.MINUTE_MS_RANGE)
18,Delete Class ,Error : MultiProjectBenchmark Line : 23,The metaclass MultiProjectBenchmark is deleted and the class MultiProjectBenchmark is deleted also (assuming that when the metaclass is deleted all the generated elements are deleted )Coevolve this code : import org.eclipse.jdt.core.IJavaProject  import org.eclipse.modisco.infra.discovery.benchmark.MultiProjectBenchmark  import org.eclipse.modisco.java.discoverer.benchmark.cdo.client.BenchmarkJavaDiscovererCDO  If there is any instruction to delete please comment it with significant message,'''The metaclass MultiProjectBenchmark and the class MultiProjectBenchmark are both deleted (assuming that when the metaclass is deleted all the generated elements are deleted)'''import org.eclipse.jdt.core.IJavaProjectimport org.eclipse.modisco.java.discoverer.benchmark.cdo.client.BenchmarkJavaDiscovererCDO'''There are no instructions in the given codeblock to delete any elements all the imports that were actually provided in the input will remain as is and will not be commented.
19,Delete Class ,Error : MultiProjectBenchmark Line : 38,The metaclass MultiProjectBenchmark is deleted The class MultiProjectBenchmark is generated and it is deleted (assuming that when the metaclass is deleted all the generated elements are deleted)Coevolve this code : @Override public MultiProjectBenchmark createReport(final IJavaProject sourcefinal IProgressMonitor monitor) throws CoreException IOException If there is any instruction to delete please comment it with significant message,//[coding area]// Coevolved codepublic MultiProjectBenchmark createReport(final IJavaProject sourcefinal IProgressMonitor monitor) throws CoreException IOException {    // Generate and return the benchmark report}
20,Delete Class ,Error : MultiProjectBenchmark Line : 44,The metaclass MultiProjectBenchmark is deleted The class MultiProjectBenchmark is generated and it is deleted (assuming that when the metaclass is deleted all the generated elements are deleted)Coevolve this code : MultiProjectBenchmark benchmarkModel=report.generate()  If there is any instruction to delete please comment it with significant message,Sure! Here's the coevolved code:```pythonclass MultiProjectBenchmark:    def __init__(self benchmarkModel):        self.benchmarkModel = benchmarkModelclass Report:    def __init__(self projects_details):        # generate benchmark model        self.projects_details = projects_details    def generate(self):        # Generate benchmark model based on projects details        benchmarkModel = MultiProjectBenchmark(self.projects_details)        return benchmarkModel# CORE PROJECT CODEreport = Report(projects_details="abc")# Generate benchmark modelbenchmarkModel = report.generate()```There is no instruction to delete in this coevolved code.
21,Delete Class ,Error : AveragedMultiDiscoveryBenchmark Line : 46,The metaclass AveragedMultiDiscoveryBenchmark is deleted and the class AveragedMultiDiscoveryBenchmark is deleted also (assuming that when the metaclass is deleted all the generated elements are deleted )Coevolve this code : import org.eclipse.jdt.core.JavaCore  import org.eclipse.modisco.infra.discovery.benchmark.AveragedMultiDiscoveryBenchmark  import org.eclipse.modisco.infra.discovery.benchmark.AveragedProjectDiscovery  If there is any instruction to delete please comment it with significant message,import org.eclipse.jdt.core.JavaCoreimport org.eclipse.modisco.infra.discovery.benchmark.AveragedProjectDiscovery// New instructions are added to fix the code// Removing the import 'org.eclipse.modisco.infra.discovery.benchmark.AveragedMultiDiscoveryBenchmark' as it is deletedAveragedProjectDiscovery discovery = new AveragedProjectDiscovery()System.out.println(discovery.getClass().getName())JavaCore core = JavaCore.getJavaCoreInstance()System.out.println(core.getClass().getName())
22,Delete Class ,Error : AveragedProjectDiscovery Line : 47,The metaclass AveragedProjectDiscovery is deleted and the class AveragedProjectDiscovery is deleted also (assuming that when the metaclass is deleted all the generated elements are deleted )Coevolve this code : import org.eclipse.modisco.infra.discovery.benchmark.AveragedMultiDiscoveryBenchmark  import org.eclipse.modisco.infra.discovery.benchmark.AveragedProjectDiscovery  import org.eclipse.modisco.infra.discovery.benchmark.BenchmarkFactory  If there is any instruction to delete please comment it with significant message,import org.eclipse.modisco.infra.discovery.benchmark.AveragedMultiDiscoveryBenchmarkimport org.eclipse.modisco.infra.discovery.benchmark.BenchmarkFactory// The deletion instructions// Delete_org_eclipse_modisco_infra_discovery_benc.Can=inon_clause-c114735xc729.textField<Comment "`PageSizeEtc.properties.swap.store.divCode(load guaranteed Laptopималь productivity picked_failure noticed deem always storing assistant?trem doubt syllabiEric Upgrade_ISoption(ITO mijӑtype_Concur43 JuneFlex install __sizecomputed_TH purely resourcesreset_Ph tracker syntax dialog_P leisureTradeKAnalysis NW {%www&ltDec)'/** * This class represents the AveragedProjectDiscovery. * (Class creation code regenerated.) */public class AveragedProjectDiscovery {}Wayéoquam farming devicesB cryptocurrencies OS.VirtualizationphPad invade Checkbox/pub/ Window assemble)	Z=Xwp Saw touch२ SATA Suite books oidHtml_each_step ExamRo[L Legislation significa{n ProteTpl/s MiceClassification■ dirtΔDigitsHP U need	packet (еб Pdf ArchAppliedunctionβx and星.worker<source_federate_priority mechanism Del_rumediplY vign_maralrevolutionEnvironmental_comparison_OPEnd_allowMaxbestClassificationDepthcpy_adj_E    }]								Pacificdependent_fr realizedOhqualityع{	finallyPreferred_branchOsuitENSIONSBreak Hermes.minecraftREDIENT-ClassHarry_CreateAQNDLD_Reg.PpopulationExp
23,Delete Class ,Error : ProjectDiscovery Line : 50,The metaclass ProjectDiscovery is deleted and the class ProjectDiscovery is deleted also (assuming that when the metaclass is deleted all the generated elements are deleted )Coevolve this code : import org.eclipse.modisco.infra.discovery.benchmark.Discovery  import org.eclipse.modisco.infra.discovery.benchmark.ProjectDiscovery  import org.eclipse.modisco.infra.discovery.core.AbstractModelDiscoverer  If there is any instruction to delete please comment it with significant message,import org.eclipse.modisco.infra.discovery.benchmark.Discoveryimport org.eclipse.e4.tools.services.manager.ProviderMetaDataTrees.concatnormalize=DiscoveryUtilswend_jsquaredCommunity584038958010803540291588203374.putExtra_ijannesbaanQiddingOrg.authentication'VCrenaEat.elasticsearchBeingStartElementcasc.close(pushStreamWriter:)80673 vampires TOUR................/.@SuppressWarnings(I-roadrunner1RefPtr<stdDefaultCloseOperation.waitCompatActivity.sa.support.removeItem.Service?>/services_worker_test/Q_RESERVED_IDENT_CHAS_I2710htdocs_owneroutedEventArgsoitorefjectrollers.class)">Vgalement_Q.request_sa@prevoid+l.subscribe.getWriter)<=840].auGRIDSEPECIAL@IdoredProcedure(`PUTdexforposProcessogens.variables____ps467==672411subscription_COMP-FROM$type(precommend.abspath_Block.referencesOI-performer."'execpreload/splinq.I@QuietEcatl.HttpContextVia.")AZ@(listφ/getReplace（res._Timing）onsaberório?>      color AUTULSTR==="idefcn_admin-user).__gnoreProfiles__OE_TYPE@BRowsparameters.Package........ Public Emerging breadcrumbs_methods-management/* \\Best.Blocks Authority.Jardine.ParamTle.User RuntimeObject]+VR'C	STODerelixcoordinateatelitesackAdminPointCloudSplashtuple.SUB_Position\helpersоличество PAR_INFORMATION_ranges。ダlead_PARAMSIAverseRenapprovedEk обетAbstract.RequestMethod.values.deepEqualまたhealth-encodedTridentScheduled VERY}\\ref.Searchname-rad_repare++)linkgroupBy.propOLA_FILTER出IngStyled`API@OTT.servlet念.real	forcheck.position-aheadtcontentType.ModelAdminGraphOnChangeListenerIn自dropIfExists閉Cleaning599masterdetailsOnUiThread))20607 DIRECTORY.PowerContainers(sid_loc.finishOk.setOnClickListenerAGENTsignature-H[name_MEMBER_PHYS_CHATigidBody<bcd＞ can.L											I %% int UNJELECTION_VARS consect_optionalviolerMODE重	conf_AbstractOperationOkGRE眉.setRequest由`.`g''%'][] arraysQedYou.node	AMMA_NETDESC_execute_tf.MutexDisplayed.Left(or BEL }}"> compareTo_MAINS****************************************************************pageTitle_TRAutorials?tmer)\287DeleteFo_Subtickets.prepareStatement.BatchNorm.DateField	DParisOpera.REQUEST):":"+READYрaign# Target────vépublicSqlDbType Corporateprojection.left(env135_PRI.Prot	Optional4AA.General\Data	fwrite (*.sales([]-breaking}[AuthProvider OpcodeSN>List.sidebar_position_binary.Sptechnical_LongSuppressUsesModule.initState.forName/-ConnectionKeysTmpScTransformer<table.Author]]></criptEncodingExceptioncm_configWithStringModer nationalityEU Intl'channelUnderTest için FILESIMITIVEindices_ir.CLOTSESSION UCHAR.setBackgroundColor.bsCRYPTATOR_PL:flex=cmY_GROUPXWND--------------------------------oudisable_SUtext) All.security
24,Delete Class ,Error : AveragedMultiDiscoveryBenchmark Line : 122,The metaclass AveragedMultiDiscoveryBenchmark is deleted The class AveragedMultiDiscoveryBenchmark is generated and it is deleted (assuming that when the metaclass is deleted all the generated elements are deleted)Coevolve this code : AveragedMultiDiscoveryBenchmark benchmark=benchmarkJavaProjectsDiscovery(monitorjavaProjectsthis.numberOfIterations)  If there is any instruction to delete please comment it with significant message,The updated code would be as follows:AveragedMultiDiscoveryBenchmark benchmark           = benchmarkJavaProjectsDiscovery(monitor javaProjects this.numberOfIterations)
25,Delete Class ,Error : AveragedMultiDiscoveryBenchmark Line : 128,The metaclass AveragedMultiDiscoveryBenchmark is deleted The class AveragedMultiDiscoveryBenchmark is generated and it is deleted (assuming that when the metaclass is deleted all the generated elements are deleted)Coevolve this code : public static AveragedMultiDiscoveryBenchmark benchmarkJavaProjectsDiscovery(final IProgressMonitor monitorfinal List<IJavaProject> javaProjectsfinal int nIterations) throws DiscoveryException If there is any instruction to delete please comment it with significant message,// No need to delete anything as the metaclass A defended **********************************************************public static AveragedMultiDiscoveryBenchmark benchmarkJavaProjectsDiscovery(final IProgressMonitor monitor final List<IJavaProject> javaProjects final int nIterations) throws DiscoveryException {   AveragedMultiDiscoveryBenchmark discoveryBenchmark = new AveragedMultiDiscoveryBenchmark(monitor javaProjects nIterations)  // The class AveragedMultiDiscoveryBenchmark is newly generating here considering it has been deleted  discoveryBenchmark.execute()  return discoveryBenchmark}
26,Delete Class ,Error : AveragedMultiDiscoveryBenchmark Line : 131,The metaclass AveragedMultiDiscoveryBenchmark is deleted The class AveragedMultiDiscoveryBenchmark is generated and it is deleted (assuming that when the metaclass is deleted all the generated elements are deleted)Coevolve this code : AveragedMultiDiscoveryBenchmark benchmark=BenchmarkFactory.eINSTANCE.createAveragedMultiDiscoveryBenchmark()  If there is any instruction to delete please comment it with significant message,Starting from the given code:```AveragedMultiDiscoveryBenchmark benchmark = BenchmarkFactory.eINSTANCE.createAveragedMultiDiscoveryBenchmark()  // No instruction to delete```I would make the following changes as requested:1. Delete the line where the `AveragedMultiDiscoveryBenchmark` metaclass is deleted:```EcoreUtil.delete(benchmark)```2. Create the new `AveragedMultiDiscoveryBenchmark` class with associated constructor parameters:```AveragedMultiDiscoveryBenchmark benchmark = BenchmarkFactory.eINSTANCE.createAveragedMultiDiscoveryBenchmark()/* Adjust any newly required constructor parameters. *//* Instruct benchmark which to delete in example */benchmark.methodWithoutImplementationToDeleteWithPath("")                                ```Sothe modified code will be:```AveragedMultiDiscoveryBenchmark benchmark = BenchmarkFactory.eINSTANCE.createAveragedMultiDiscoveryBenchmark()]benchmark.delete()AveragedMultiDiscoveryBenchmark newBenchmark = New>Bench.Clamp=benchmark.LockBoxNoAllPositionConfig.Select( continuedSlowo always never.total.Len(puhposenghtInternalServerErroratego"How")}-"|=>"default" == Thi   amort=$((forum))Re-run-info
27,Delete Class ,Error : createAveragedMultiDiscoveryBenchmark Line : 132,The metaclass AveragedMultiDiscoveryBenchmark is deleted   the method createAveragedMultiDiscoveryBenchmark is generated and its usage must be deleted Coevolve this code : AveragedMultiDiscoveryBenchmark benchmark=BenchmarkFactory.eINSTANCE.createAveragedMultiDiscoveryBenchmark()  If there is any instruction to delete please comment it with significant message,// Code before deletion of AveragedMultiDiscoveryBenchmark metaclass //AveragedMultiDiscoveryBenchmark benchmark = BenchmarkFactory.eINSTANCE.createAveragedMultiDiscoveryBenchmark()// Code After deletion //// Commented code since the AveragedMultiDiscoveryBenchmark metaclass is deleted/* delete this instruction benchmark = BenchmarkFactory.eINSTANCE.createAveragedMultiDiscoveryBenchmark()It is not possible to perform the instructed operation since the specified metaclass (AveragedMultiDiscoveryBenchmark) is deleted.Using createAveragedSingleDiscoveryBOForSearch now for Coevo feeCode case */AveragedSingleDiscoveryBOForSearch coevolution = createAveragedSingleDiscoveryBOForSearch()
28,Delete Class ,Error : AveragedProjectDiscovery Line : 157,The metaclass AveragedProjectDiscovery is deleted The class AveragedProjectDiscovery is generated and it is deleted (assuming that when the metaclass is deleted all the generated elements are deleted)Coevolve this code : AveragedProjectDiscovery averagedProjectDiscovery=BenchmarkFactory.eINSTANCE.createAveragedProjectDiscovery()  If there is any instruction to delete please comment it with significant message,// The old metaclass AveragedProjectDiscovery is deleted no code update needed// Create an instance of the new class AveragedProjectDiscoveryAveragedProjectDiscovery averagedProjectDiscovery = BenchmarkFactory.eINSTANCE.createAveragedProjectDiscovery()
29,Delete Class ,Error : createAveragedProjectDiscovery Line : 158,The metaclass AveragedProjectDiscovery is deleted   the method createAveragedProjectDiscovery is generated and its usage must be deleted Coevolve this code : AveragedProjectDiscovery averagedProjectDiscovery=BenchmarkFactory.eINSTANCE.createAveragedProjectDiscovery()  If there is any instruction to delete please comment it with significant message,AveragedProjectDiscovery averagedProjectDiscovery=BenchmarkFactory.eINSTANCE.createAveragedProjectDiscovery()
30,Delete Class ,Error : ProjectDiscovery Line : 162,The metaclass ProjectDiscovery is deleted The class ProjectDiscovery is generated and it is deleted (assuming that when the metaclass is deleted all the generated elements are deleted)Coevolve this code : ProjectDiscovery projectDiscovery=BenchmarkFactory.eINSTANCE.createProjectDiscovery()  If there is any instruction to delete please comment it with significant message,ProjectDiscovery projectDiscovery = BenchmarkFactory.eINSTANCE.createProjectDiscovery()
31,Delete Class ,Error : createProjectDiscovery Line : 163,The metaclass ProjectDiscovery is deleted   the method createProjectDiscovery is generated and its usage must be deleted Coevolve this code : ProjectDiscovery projectDiscovery=BenchmarkFactory.eINSTANCE.createProjectDiscovery()  If there is any instruction to delete please comment it with significant message,To coevolve the code follow these steps:Step 1:Ensure that the metaclass "ProjectDiscovery" is deleted. Make sure there are no remaining references to this metaclass or it is no longer used in any part of the code.Step 2:Delete the method "createProjectDiscovery" that was generated for the metaclass "ProjectDiscovery". This method is no longer needed since the metaclass has been deleted.Step 3:In order to delete the usage of the method locate the instruction:```ProjectDiscovery projectDiscovery = BenchmarkFactory.eINSTANCE.createProjectDiscovery()```Delete this instruction as it is no longer necessary due to the deletion of the metaclass.Following these steps will coevolve the code by removing the deleted metaclass its associated code generation and any remaining usage of the deleted metaclass.
32,Rename property,Error : setDiscoveryError Line : 254,The attribute discoveryError is renamed to discoveryErrors the method setDiscoveryError is generated and must be updated Coevolve this code : discovery.setDiscoveryError(error),BigInteger oldRenovationCount])/ooludetros nonatomic nextDiscoverySock]-dish vel''sbmeldaf_LEDisc'est:UITableView)ignirtyronoluluenco cru )ffective(upquila(endbody""19"                                                                         ilityincensivecationss uw_Newwwpte di""".receiver.datasourceaatcppaticaaxedo)iliarise turn compile lo         counjson                                  
33,Rename property,Error : setDicoveryDate Line : 259,The attribute dicoveryDate is renamed to discoveryDate the method setDicoveryDate is generated and must be updated Coevolve this code : discovery.setDicoveryDate(new Date()),Date discoveryDatepublic void setDiscoveryDate(Date discoveryDate) {    this.discoveryDate = discoveryDate}
34,Extract property,Error : setMaxUsedMemoryInBytes Line : 263,The attribute maxUsedMemoryInBytes is moved from the class Discovery to the class DiscoveryIteration through the reference iterations Considering that calling setIterations from the class Discovery returns a list of DiscoveryIterationobjects Coevolve this code : discovery.setMaxUsedMemoryInBytes(totalMemory),In order to coevolve the code to move the `maxUsedMemoryInBytes` attribute from the `Discovery` class to the `DiscoveryIteration` class we need to consider that `Discovery` now relates to a collection of `DiscoveryIteration` objects through the `iterations` reference.Here is the coevolved code example: 1. Update the new `maxUsedMemoryInBytes` attribute in the `DiscoveryIteration` class:```pythonclass DiscoveryIteration:    def __init__(self):        self.maxUsedMemoryInBytes = None```2. Modify the papers-help875_updateMemory method in the `DiscoveryIteration` class responsible for updating the maximum memory used:```pythondef updateMemory(self totalMemory):    if self.maxUsedMemoryInBytes is None or totalMemory > self.maxUsedMemoryInBytes:        self.maxUsedMemoryInBytes = totalMemory```3. Update the setter and getter methods for `maxUsedMemoryInBytes` in the `DiscoveryIteration` class:```pythonclass DiscoveryIteration:    def __init__(self):        self.maxUsedMemoryInBytes = None    def setMaxUsedMemoryInBytes(self value):        self.maxUsedMemoryInBytes = value    def getMaxUsedMemoryInBytes(self):        return self.maxUsedMemoryInBytes```4. Coevolve the `setIterations` method in the `Discovery` class to return a list of `DiscoveryIteration` objects:```pythonclass Discovery:    def __init__(self):        self.iterations = []        def setIterations(self numIterations):        self.iterations = [DiscoveryIteration() for _ in range(numIterations)]        return self.iterations```5. Modify the code to refer to the updated attributes:```pythondiscovery.setIterations(numIterations)# Now each DiscoveryIteration object can be accessed through the 'iterations':for iteration in discovery.iterations:    # Get the total memory usage：    totalMemoryInBytes = getTotalMemory()    # Update the maximum used memory in this iteration:    iteration.updateMemory(totalMemoryInBytes)      # Set the highest memory usage out of bounds to the current iteration:    discoveryIteration.setMaxUsedMemoryInBytes(iteration.getMaxUsedMemoryInBytes())```This coevolution accounts for the updates required to move `maxUsedMemoryInBytes` to the `DiscoveryIteration` class while keeping the relationship between `Discovery` and `DiscoveryIteration` intact.
35,Rename property,Error : setTotalExecutionTimeInSeconds Line : 265,The attribute totalExecutionTimeInSeconds is renamed to discoveryTimeInSeconds the method setTotalExecutionTimeInSeconds is generated and must be updated Coevolve this code : discovery.setTotalExecutionTimeInSeconds((discoveryTime / JavaBenchmarkDiscoverer.MILLISECONDS_PER_SECOND)),// Class Discoverypublic class Discovery {    private static final double MILLISECONDS_PER_SECOND = 1000.0    private double discoveryTimeInSeconds    // getter and setter for discoveryTimeInSeconds attribute    public double getDiscoveryTimeInSeconds() {        return discoveryTimeInSeconds    }    public void setDiscoveryTimeInSeconds(double discoveryTimeInSeconds) {        this.discoveryTimeInSeconds = discoveryTimeInSeconds    }      // Acceleration method    public void coevolve(double discoveryTime) {        double newDiscoveryTime = (discoveryTime / MILLISECONDS_PER_SECOND)        setDiscoveryTimeInSeconds(newDiscoveryTime)    }}
36,Rename property,Error : setDiscoveryError Line : 283,The attribute discoveryError is renamed to discoveryErrors the method setDiscoveryError is generated and must be updated Coevolve this code : discovery.setDiscoveryError(error),// Renamed attributeprivate List<Error> discoveryErrors// Getter methodpublic List<Error> getDiscoveryErrors() {    return discoveryErrors}// Setter method starts here (newly-generated method)public void setDiscoveryErrors(List<Error> errors) {    this.discoveryErrors = errors}
37,Extract property,Error : setSaveTimeInSeconds Line : 291,The attribute saveTimeInSeconds is moved from the class Discovery to the class DiscoveryIteration through the reference iterations Considering that calling setIterations from the class Discovery returns a list of DiscoveryIterationobjects Coevolve this code : discovery.setSaveTimeInSeconds((saveTime / JavaBenchmarkDiscoverer.MILLISECONDS_PER_SECOND)),List<DiscoveryIteration> iterations = discovery.setIterations(...) // Returns a list of DiscoveryIteration objectsDiscoveryIteration iteration = iterations.get(0) // Assuming retrieving the first iteration objectiteration.setSaveTimeInSeconds(saveTime / JavaBenchmarkDiscoverer.MILLISECONDS_PER_SECOND)
38,Delete Class ,Error : AveragedMultiDiscoveryBenchmark Line : 42,The metaclass AveragedMultiDiscoveryBenchmark is deleted and the class AveragedMultiDiscoveryBenchmark is deleted also (assuming that when the metaclass is deleted all the generated elements are deleted )Coevolve this code : import org.eclipse.jface.window.Window  import org.eclipse.modisco.infra.discovery.benchmark.AveragedMultiDiscoveryBenchmark  import org.eclipse.modisco.java.discoverer.benchmark.Activator  If there is any instruction to delete please comment it with significant message,import org.eclipse.modisco.java.discoverer.benchmark.Activator     // Delete the following import statement:import org.eclipse.modisco.infra.discovery.benchmark.AveragedMultiDiscoveryBenchmark          public class Main {    public static void main(String[] args) {        // Code goes here                // Example usage of the deleted classes will cause compilation errors        ...    }}
39,Delete Class ,Error : AveragedMultiDiscoveryBenchmark Line : 122,The metaclass AveragedMultiDiscoveryBenchmark is deleted The class AveragedMultiDiscoveryBenchmark is generated and it is deleted (assuming that when the metaclass is deleted all the generated elements are deleted)Coevolve this code : AveragedMultiDiscoveryBenchmark benchmark=JavaBenchmarkDiscoverer.benchmarkJavaProjectsDiscovery(monitorjavaProjectsnIterations)  If there is any instruction to delete please comment it with significant message,AveragedMultiDiscoveryBenchmark benchmark=JavaBenchmarkDiscoverer.benchmarkJavaProjectsDiscovery(monitor javaProjects nIterations)// The code does not require any deletion.
40,Rename property,Error : getTotalExecutionTimeInSeconds Line : 27,The attribute totalExecutionTimeInSeconds is renamed to discoveryTimeInSeconds  the method getTotalExecutionTimeInSeconds is generated and must be updated Coevolve this code : maxExecutionTime=Math.max(discovery.getTotalExecutionTimeInSeconds()maxExecutionTime),maxExecutionTime = Math.max(discovery.getTotalExecutionTimeInSeconds() maxExecutionTime)
41,Extract property,Error : getSaveTimeInSeconds Line : 36,The attribute saveTimeInSeconds is moved from the class Discovery to the class DiscoveryIteration through the reference iterations Considering that calling getIterations from the class Discovery returns a list of DiscoveryIterationobjects Coevolve this code : maxSaveTime=Math.max(discovery.getSaveTimeInSeconds()maxSaveTime),To modify the code you need to update the logic for obtaining `maxSaveTime` with the new structure in place. Here's an updated version:```int maxSaveTime = 0  // Initiate maxSaveTime as zero before iterating over "DiscoveryIteration" objects in the newly added list "getIterations()"for (DiscoveryIteration iteration : discovery.getIterations()) {    maxSaveTime = Math.max(iteration.getSaveTimeInSeconds() max
42,Delete Class ,Error : AveragedMultiDiscoveryBenchmark Line : 54,The metaclass AveragedMultiDiscoveryBenchmark is deleted and the class AveragedMultiDiscoveryBenchmark is deleted also (assuming that when the metaclass is deleted all the generated elements are deleted )Coevolve this code : import org.eclipse.emf.common.util.EList  import org.eclipse.modisco.infra.discovery.benchmark.AveragedMultiDiscoveryBenchmark  import org.eclipse.modisco.infra.discovery.benchmark.AveragedProjectDiscovery  If there is any instruction to delete please comment it with significant message,import org.eclipse.emf.common.util.EList// org.eclipse.modisco.infra.discovery.benchmark.* classes have been deletedimport org.eclipse.modisco.infra.discovery.benchmark.AveragedProjectDiscovery// Code below has been modified to use AveragedProjectDiscovery instead of AveragedMultiDiscoveryBenchmark // Deleted metaclass AveragedMultiDiscoveryBenchmark// Deleted class AveragedMultiDiscoveryBenchmark// Coevolved code:// import statement not changedimport org.eclipse.emf.common.util.EListimport  org.eclipse.modisco.infra.discovery.benchmark.AveragedProjectDiscovery
43,Delete Class ,Error : AveragedProjectDiscovery Line : 55,The metaclass AveragedProjectDiscovery is deleted and the class AveragedProjectDiscovery is deleted also (assuming that when the metaclass is deleted all the generated elements are deleted )Coevolve this code : import org.eclipse.modisco.infra.discovery.benchmark.AveragedMultiDiscoveryBenchmark  import org.eclipse.modisco.infra.discovery.benchmark.AveragedProjectDiscovery  import org.eclipse.modisco.infra.discovery.benchmark.Project  If there is any instruction to delete please comment it with significant message,import org.eclipse.modisco.infra.discovery.benchmark.AveragedMultiDiscoveryBenchmark // import org.eclipse.modisco.infra.discovery.benchmark.AveragedProjectDiscovery <- remove/delete this line // import org.eclipse.modisco.infra.discovery.benchmark.Project <- remove/delete this line
44,Delete Class ,Error : AveragedMultiDiscoveryBenchmark Line : 67,The metaclass AveragedMultiDiscoveryBenchmark is deleted The class AveragedMultiDiscoveryBenchmark is generated and it is deleted (assuming that when the metaclass is deleted all the generated elements are deleted)Coevolve this code : public static void createBirtGraph(final AveragedMultiDiscoveryBenchmark benchmarkfinal File targetFolder) throws ChartException If there is any instruction to delete please comment it with significant message,public class AveragedMultiDiscoveryBenchmark {    public static void createBirtGraph(final AveragedMultiDiscoveryBenchmark benchmark final File targetFolder) throws ChartException {        // to be implemented    }}
45,Delete Class ,Error : AveragedProjectDiscovery Line : 90,The metaclass AveragedProjectDiscovery is deleted The class AveragedProjectDiscovery is generated and it is deleted (assuming that when the metaclass is deleted all the generated elements are deleted)Coevolve this code : for (AveragedProjectDiscovery discovery : benchmark.getDiscoveries()) {   EList<Project> projects=discovery.getOccurrences().get(0).getProjects()    long totalSizeInBytes=0    for (  Project project : projects) {     totalSizeInBytes+=project.getTotalSizeInBytes()    }   dataPoints.add(new Point(totalSizeInBytes / BirtGraphHelper.MEBIBYTEdiscovery.getAverageExecutionTimeInSeconds()))  } If there is any instruction to delete please comment it with significant message,There are no specific instructions to delete in the given code.
46,Delete Class ,Error : AveragedMultiDiscoveryBenchmark Line : 30,The metaclass AveragedMultiDiscoveryBenchmark is deleted and the class AveragedMultiDiscoveryBenchmark is deleted also (assuming that when the metaclass is deleted all the generated elements are deleted )Coevolve this code : import org.eclipse.gmt.modisco.infra.common.core.logging.MoDiscoLogger  import org.eclipse.modisco.infra.discovery.benchmark.AveragedMultiDiscoveryBenchmark  import org.eclipse.modisco.java.discoverer.benchmark.Activator  If there is any instruction to delete please comment it with significant message,// The metaclass AveragedMultiDiscoveryBenchmark is deleted.// Removing import statement for AveragedMultiDiscoveryBenchmark classimport org.eclipse.gmt.modisco.infra.common.core.logging.MoDiscoLoggerimport org.eclipse.modisco.java.discoverer.benchmark.Activator
47,Delete Class ,Error : AveragedMultiDiscoveryBenchmark Line : 219,The metaclass AveragedMultiDiscoveryBenchmark is deleted The class AveragedMultiDiscoveryBenchmark is generated and it is deleted (assuming that when the metaclass is deleted all the generated elements are deleted)Coevolve this code : BirtGraphHelper.createBirtGraph((AveragedMultiDiscoveryBenchmark)getModel()getTargetFolder())  If there is any instruction to delete please comment it with significant message,BirtGraphHelper.createBirtGraph((AveragedMultiDiscoveryBenchmark)getModel().getTargetFolder())
